,rob,transfer-rob,duration
BB0-0-2,0.0,0.35185185185185186,100.8268015214375
