,rob,transfer-rob,duration
BB0-50-4,0.0,0.4074074074074074,99.32707018511636
