,rob,transfer-rob,duration
BB0-50-8,0.0,0.7037037037037037,103.03633892536163
