,rob,transfer-rob,duration
BB0-0-1.1,0.0,0.3888888888888889,101.28095516136715
