,rob,transfer-rob,duration
BB0-50-1.1,0.0,0.3888888888888889,94.0890918970108
