,rob,transfer-rob,duration
BB0-0-4,0.0,0.3888888888888889,96.44987225532532
