,rob,transfer-rob,duration
BB0-50-2,0.0,0.37037037037037035,105.16182162080493
