,rob,transfer-rob,duration
BB0-0-8,0.0,0.6481481481481481,106.69654539653233
