,rob,transfer-rob,duration
CW-10-6,0.0,0.35185185185185186,53.45677532468523
