,rob,transfer-rob,duration
CW-1-2,0.0,0.5185185185185185,46.48274053846087
