,rob,transfer-rob,duration
CW-100-0,0.0,0.6666666666666666,41.27768354756491
