,rob,transfer-rob,duration
CW-1-6,0.0,0.35185185185185186,53.45805924279349
