,rob,transfer-rob,duration
CW-1-0,0.0,0.6666666666666666,41.31790142399924
