,rob,transfer-rob,duration
CW-1-4,0.0,0.42592592592592593,53.09358526979174
