,rob,transfer-rob,duration
CW-10-0,0.0,0.6666666666666666,41.27604411329542
