,rob,transfer-rob,duration
CW-1-1,0.0,0.5370370370370371,42.802554266793386
