,rob,transfer-rob,duration
CW-100-2,0.0,0.5185185185185185,46.48495481695448
