,rob,transfer-rob,duration
CW-100-4,0.0,0.42592592592592593,53.09732380935124
