,rob,transfer-rob,duration
CW-10-1,0.0,0.5370370370370371,42.79766501699175
