,rob,transfer-rob,duration
CW-10-4,0.0,0.42592592592592593,53.09430256911686
