,rob,transfer-rob,duration
CW-100-1,0.0,0.5370370370370371,42.79878260408129
