,rob,transfer-rob,duration
CW-100-6,0.0,0.35185185185185186,53.45809945038387
