,rob,transfer-rob,duration
CW-10-2,0.0,0.5185185185185185,46.47649848461151
