,rob,transfer-rob,duration
CW-20-4,0.0,0.42592592592592593,53.0943568944931
