,rob,transfer-rob,duration
CW-2-0,0.0,0.6666666666666666,41.276664461408345
