,rob,transfer-rob,duration
CW-2-6,0.0,0.35185185185185186,53.45814861570086
