,rob,transfer-rob,duration
CW-20-6,0.0,0.35185185185185186,53.459437898227144
