,rob,transfer-rob,duration
CW-20-2,0.0,0.5185185185185185,46.47924862589155
