,rob,transfer-rob,duration
CW-2-2,0.0,0.5185185185185185,46.481845021247864
