,rob,transfer-rob,duration
CW-2-4,0.0,0.42592592592592593,53.09322643280029
