,rob,transfer-rob,duration
CW-2-1,0.0,0.5370370370370371,42.79998556205204
