,rob,transfer-rob,duration
CW-20-1,0.0,0.5370370370370371,42.79645761421749
