,rob,transfer-rob,duration
CW-5-0,0.0,0.6666666666666666,41.2770253930773
