,rob,transfer-rob,duration
CW-50-6,0.0,0.35185185185185186,53.46070797102792
