,rob,transfer-rob,duration
CW-5-4,0.0,0.42592592592592593,53.094358035496306
