,rob,transfer-rob,duration
CW-50-1,0.0,0.5370370370370371,42.80052523953574
