,rob,transfer-rob,duration
CW-50-0,0.0,0.6666666666666666,41.279554162706646
