,rob,transfer-rob,duration
CW-50-2,0.0,0.5185185185185185,46.47993699141911
