,rob,transfer-rob,duration
CW-5-2,0.0,0.5185185185185185,46.478288309914724
