,rob,transfer-rob,duration
CW-5-1,0.0,0.5370370370370371,42.799618874277385
