,rob,transfer-rob,duration
CW-50-4,0.0,0.42592592592592593,53.09620824881962
