,rob,transfer-rob,duration
CW-5-6,0.0,0.35185185185185186,53.45717670236315
