,rob,transfer-rob,duration
DF-1-0.4,0.0,0.7777777777777778,1.9536683389118739
