,rob,transfer-rob,duration
DF-10-0.2,0.0,0.8148148148148148,2.060607671737671
