,rob,transfer-rob,duration
DF-100-0.8,0.0,0.7222222222222222,1.8462527990341187
