,rob,transfer-rob,duration
DF-1-0.8,0.0,0.7222222222222222,1.846246327672686
