,rob,transfer-rob,duration
DF-100-0.4,0.0,0.7777777777777778,1.9537807873317175
