,rob,transfer-rob,duration
DF-100-0.2,0.0,0.8148148148148148,2.060993194580078
