,rob,transfer-rob,duration
DF-1-0.2,0.0,0.8148148148148148,2.0613295691353932
