,rob,transfer-rob,duration
DF-10-0.4,0.0,0.7777777777777778,1.9532617841448103
