,rob,transfer-rob,duration
DF-20-0.8,0.0,0.7222222222222222,1.8468144280569894
