,rob,transfer-rob,duration
DF-2-0.2,0.0,0.8148148148148148,2.0600925513676236
