,rob,transfer-rob,duration
DF-2-0.4,0.0,0.7777777777777778,1.9537804637636458
