,rob,transfer-rob,duration
DF-2-0.8,0.0,0.7222222222222222,1.846121004649571
