,rob,transfer-rob,duration
DF-20-0.4,0.0,0.7777777777777778,1.9527359179088049
