,rob,transfer-rob,duration
DF-20-0.2,0.0,0.8148148148148148,2.060057980673654
