,rob,transfer-rob,duration
DF-5-0.4,0.0,0.7777777777777778,1.952965600149972
