,rob,transfer-rob,duration
DF-5-0.8,0.0,0.7222222222222222,1.8464259931019373
