,rob,transfer-rob,duration
DF-5-0.2,0.0,0.8148148148148148,2.0607330969401767
