,rob,transfer-rob,duration
DF-50-0.2,0.0,0.8148148148148148,2.060454624039786
