,rob,transfer-rob,duration
DF-50-0.8,0.0,0.7222222222222222,1.8458912031991142
