,rob,transfer-rob,duration
DF-50-0.4,0.0,0.7777777777777778,1.9535409723009383
