,rob,transfer-rob,duration
FGSM-0.00784313725490196-None,0.0,0.12962962962962962,0.3756221532821655
