,rob,transfer-rob,duration
FGSM-0.00392156862745098-None,0.018518507480621338,0.2037037037037037,0.3780570370810373
