,rob,transfer-rob,duration
FGSM-0.01568627450980392-None,0.018518507480621338,0.2222222222222222,0.37563211577279226
