,rob,transfer-rob,duration
FGSM-0.03137254901960784-None,0.07407408952713013,0.2962962962962963,0.3757603168487549
