,rob,transfer-rob,duration
BB0-0.01-5.0,0.0,0.7222222222222222,600.0202612195696
