,rob,transfer-rob,duration
BB0-0.01-1.3,0.0,0.7962962962962963,951.0475120714733
