,rob,transfer-rob,duration
BB0-0.01-2.0,0.0,0.8148148148148148,965.7520253998892
