,rob,transfer-rob,duration
BB0-0.01-1.1,0.0,0.7777777777777778,953.9462835959026
