,rob,transfer-rob,duration
BB0-0.001-1.1,0.0,0.7592592592592593,1117.9845518044062
