,rob,transfer-rob,duration
BB0-0.01-3.0,0.0,0.7222222222222222,677.3815469401223
