,rob,transfer-rob,duration
BB0-0.01-1.5,0.0,0.7407407407407407,957.1859088795526
