,rob,transfer-rob,duration
BB0-0.001-1.3,0.0,0.7777777777777778,1096.112716095788
