,rob,transfer-rob,duration
PGD-0.03137254901960784-None,0.0,0.0,10.375629578317914
