,rob,transfer-rob,duration
PGD-0.00392156862745098-None,0.0,0.09259259259259259,10.374027388436454
