,rob,transfer-rob,duration
PGD-0.00784313725490196-None,0.0,0.0,10.37327858379909
