,rob,transfer-rob,duration
PGD-0.01568627450980392-None,0.0,0.0,10.374775579997472
